{
    "integrationUser": {
        "systemAdmin": false
    },
    "tiles": [
        {
            "sampleData": {
                "title": "Opportunity",
                "contents": [
                    {
                        "text": "Stage Name:",
                        "icon": "http://ec2-54-186-37-98.us-west-2.compute.amazonaws.com/opportunity_detail/images/salesforce.png",
                        "linkDescription": "Stage Name"
                    },
                    {
                        "text": "Type:",
                        "icon": "http://ec2-54-186-37-98.us-west-2.compute.amazonaws.com/opportunity_detail/images/salesforce.png",
                        "linkDescription": "Type"
                    },
                    {
                        "text": "Probability:",
                        "icon": "http://ec2-54-186-37-98.us-west-2.compute.amazonaws.com/opportunity_detail/images/salesforce.png",
                        "linkDescription": "Close Date"
                    },
                    {
                        "text": "Amount: ",
                        "icon": "http://ec2-54-186-37-98.us-west-2.compute.amazonaws.com/opportunity_detail/images/salesforce.png",
                        "linkDescription": "Amount"
                    },
                    {
                        "text": "Expected Revenue: ",
                        "icon": "http://ec2-54-186-37-98.us-west-2.compute.amazonaws.com/opportunity_detail/images/salesforce.png",
                        "linkDescription": "Expected Revenue"
                    },
                    {
                        "text": "Close Date: ",
                        "icon": "http://ec2-54-186-37-98.us-west-2.compute.amazonaws.com/opportunity_detail/images/salesforce.png",
                        "linkDescription": "Close Date"
                    }
                ],
                "config": {
                    "listStyle": "contentList"
                }
            },
            "displayName": "Opportunity",
            "name": "opportunity_detail",
            "description": "Opportunity Detail",
            "icons": {
                "16": "http://ec2-54-186-37-98.us-west-2.compute.amazonaws.com/opportunity_activity/images/salesforce.png",
                "48": "http://ec2-54-186-37-98.us-west-2.compute.amazonaws.com/opportunity_activity/images/salesforce.png",
                "128": "http://ec2-54-186-37-98.us-west-2.compute.amazonaws.com/opportunity_activity/images/salesforce.png"
            },
            "config": "http://ec2-54-186-37-98.us-west-2.compute.amazonaws.com/deal-room/configure",
            "style": "LIST",
            "unregister": "http://ec2-54-186-37-98.us-west-2.compute.amazonaws.com/unregister",
            "register": "http://ec2-54-186-37-98.us-west-2.compute.amazonaws.com/registration"
        },
        {
            "displayName": "Activity",
            "name": "opportunity_activity",
            "description": "Opportunity activity",
            "icons": {
                "16": "http://ec2-54-186-37-98.us-west-2.compute.amazonaws.com/opportunity_activity/images/salesforce.png",
                "48": "http://ec2-54-186-37-98.us-west-2.compute.amazonaws.com/opportunity_activity/images/salesforce.png",
                "128": "http://ec2-54-186-37-98.us-west-2.compute.amazonaws.com/opportunity_activity/images/salesforce.png"
            },
            "config": "http://ec2-54-186-37-98.us-west-2.compute.amazonaws.com/deal-room/configure",
            "style": "ACTIVITY",
            "unregister": "http://ec2-54-186-37-98.us-west-2.compute.amazonaws.com/unregister",
            "register": "http://ec2-54-186-37-98.us-west-2.compute.amazonaws.com/registration"
        }
    ],
    "templates": [
        {
            "name": "defaultTemplate",
            "displayName": "IB Deal Room",
            "description": "Deal Room For Salesforce Integration ",
            "tiles": [
                "opportunity_detail",
                "opportunity_activity"
            ]
        }
    ],
    "jabCartridges": []
}