{
    "package_version": "1.0",
    "id": "b0d01b5e-dcd1-4dca-a8e4-bbf9180f3c8c",
    "type": "client-app",
    "name": "Add-on containing tiles(s)",
    "description": "Tiles: [opportunity_detail, opportunity_activity]",
    "minimum_version": "0070300000",
    "icon_16": "extension-16.png",
    "icon_48": "extension-48.png",
    "icon_128": "extension-128.png",
    "released_on": "2013-03-08T19:11:11.234Z",
    "register_url": "%serviceURL%/jive/oauth/register",
    "unregister_url": "%serviceURL%/jive/oauth/unregister",
    "service_url": "http://ec2-54-174-204-81.compute-1.amazonaws.com",
    "redirect_url": "%serviceURL%"
}